id,title,link,comments,user,score
30586211,Russia to legalize software piracy,https://writing.kemitchell.com/2022/03/05/Russia-to-Legalize-Software-Piracy.html,https://news.ycombinator.com/item?id=30586211,Ambolia,526.0
30614251,China's state media buys Meta ads pushing Russia's line on war,https://www.axios.com/chinas-state-media-meta-facebook-ads-russia-623763df-c5fb-46e4-a6a8-36b607e1b672.html,https://news.ycombinator.com/item?id=30614251,sofixa,425.0
30602031,Red Hat is discontinuing sales and services in Russia and Belarus,https://www.redhat.com/en/blog/red-hats-response-war-ukraine,https://news.ycombinator.com/item?id=30602031,toppy,247.0
30578448,Putin signs law to seize funds of officials that exceed declared income by $100,https://then24.com/2022/03/06/putin-signed-a-decree-on-the-confiscation-of-illegal-funds-of-officials/,https://news.ycombinator.com/item?id=30578448,awb,205.0
30601767,Prediction that Kyiv falls to Russian forces by April 2022 goes from 90% to 26%,https://www.metaculus.com/questions/9939/kyiv-to-fall-to-russian-forces-by-april-2022/,https://news.ycombinator.com/item?id=30601767,torts,204.0
30600491,"If you speak Russian, call Russia and tell them what is happening in Ukraine",https://callrussia.org/,https://news.ycombinator.com/item?id=30600491,harscoat,197.0
30598636,Japan has declared today that the southern Kurils is their sovereign territory,https://twitter.com/AlexandruC4/status/1500895234011680778,https://news.ycombinator.com/item?id=30598636,baxtr,176.0
30614163,Ukraine warns Chernobyl nuclear plant suffered power outage,https://www.axios.com/ukraine-chernobyl-nuclear-plant-power-russia-f47aff98-0e23-4b2a-8119-4bf025afb105.html,https://news.ycombinator.com/item?id=30614163,sofixa,167.0
30616924,Roskomsvoboda statement on foreign companies’ sanctions against Russians [pdf],https://github.com/e-oz/files/blob/main/statement_of_roskomsvoboda_team.pdf,https://news.ycombinator.com/item?id=30616924,EugeneOZ,140.0
30579406,War in Ukraine: Marshall Mud is winning again,https://eclecticlight.co/2022/03/06/war-in-ukraine-marshall-mud-is-winning-again/,https://news.ycombinator.com/item?id=30579406,mrzool,121.0
30612728,China to provide 5 mln yuan worth of humanitarian assistance to Ukraine,https://www.reuters.com/world/china-provide-5-mln-yuan-worth-humanitarian-assistance-ukraine-2022-03-09/,https://news.ycombinator.com/item?id=30612728,limoce,110.0
30604374,Statement from Poland on providing airplanes to Ukraine,https://www.gov.pl/web/diplomacy/statement-of-the-minister-of-foreign-affairs-of-the-republic-of-poland-in-connection-with-the-statement-by-the-us-secretary-of-state-on-providing-airplanes-to-ukraine,https://news.ycombinator.com/item?id=30604374,ceejayoz,103.0
30613216,US scientist falsely accused of hiding ties to China speaks out,https://www.nature.com/articles/d41586-022-00528-2,https://news.ycombinator.com/item?id=30613216,pseudolus,101.0
30590957,China-Russia trade has surged as countries grow closer,https://www.reuters.com/markets/europe/china-russia-trade-has-surged-countries-grow-closer-2022-03-01/,https://news.ycombinator.com/item?id=30590957,sereja,98.0
30606773,The Coca-Cola Company Suspends Its Business in Russia,https://www.coca-colacompany.com/press-releases/coca-cola-company-suspends-business-russia,https://news.ycombinator.com/item?id=30606773,mudro_zboris,85.0
30580767,Open Letter to Visa and Mastercard from IT Specialists Fleeing Russia,https://news.ycombinator.com/item?id=30580767,https://news.ycombinator.com/item?id=30580767,smugglerFlynn,81.0
30578017,Russian banks rush to switch to Chinese card system,https://www.reuters.com/business/finance/russian-banks-rush-switch-chinese-card-system-2022-03-06/,https://news.ycombinator.com/item?id=30578017,LittleMoveBig,77.0
30585927,Calling all pirates: This US lawmaker wants you to seize Russian vessels,https://www.militarytimes.com/off-duty/military-culture/2022/03/02/calling-all-pirates-this-us-lawmaker-wants-you-to-seize-russian-vessels/,https://news.ycombinator.com/item?id=30585927,hdivider,75.0
30582159,Russia forcing all businesses to relocate away from Internet in 5 days,https://twitter.com/krisnova/status/1500590809585893378,https://news.ycombinator.com/item?id=30582159,miohtama,71.0
30601991,Swedish PM rejects opposition calls to consider joining NATO,https://www.reuters.com/world/europe/applying-join-nato-would-destabilize-security-situation-swedish-pm-says-2022-03-08/,https://news.ycombinator.com/item?id=30601991,mudro_zboris,69.0
30577847,Pope Francis says Ukraine conflict is not a 'military operation but a war',https://www.reuters.com/world/europe/pope-francis-says-ukraine-conflict-is-not-military-operation-war-2022-03-06/,https://news.ycombinator.com/item?id=30577847,mudro_zboris,66.0
30615444,"Saito Renho on Japanese economic growth, ‘Abenomics’, redistribution, and more",https://www.hks.harvard.edu/centers/mrcbg/programs/growthpolicy/saito-renho-japanese-economic-growth-abenomics-redistribution,https://news.ycombinator.com/item?id=30615444,mooreds,61.0
30575992,Tell HN: Google removes Russian news from results,https://news.ycombinator.com/item?id=30575992,https://news.ycombinator.com/item?id=30575992,supergirl,57.0
30589384,An AI has solved several open problems in combinatorics and graph theory,https://www.quantamagazine.org/in-new-math-proofs-artificial-intelligence-plays-to-win-20220307/,https://news.ycombinator.com/item?id=30589384,theafh,53.0
30584671,Tell HN: Zelensky is blurring -not blanking- sensitive info in a video with Musk,https://news.ycombinator.com/item?id=30584671,https://news.ycombinator.com/item?id=30584671,giuliomagnifico,52.0
30581315,China’s Sweeping Recommendation Algorithm Regulations in Effect from March 1,https://www.china-briefing.com/news/china-passes-sweeping-recommendation-algorithm-regulations-effect-march-1-2022/,https://news.ycombinator.com/item?id=30581315,Ambolia,51.0
30595219,Ukrainian Numbers Stations S06s and E17z Go Silent,https://www.numbers-stations.com/ukrainian-numbers-stations-go-silent/,https://news.ycombinator.com/item?id=30595219,ptcrash,50.0
30603030,Russia Turns to Chinese Currency,https://www.axios.com/russia-turns-renminbi-yuan-3900baa9-f7b5-41f0-a1a3-80e2b9c30170.html,https://news.ycombinator.com/item?id=30603030,geox,47.0
30584410,"Steps we've taken around Cloudflare's services in Ukraine, Belarus, and Russia",https://blog.cloudflare.com/steps-taken-around-cloudflares-services-in-ukraine-belarus-and-russia/,https://news.ycombinator.com/item?id=30584410,decrypt,44.0
30592117,"Coinbase blocks 25,000 crypto wallets linked to Russia users",https://www.bloombergquint.com/onweb/coinbase-blocks-25-000-crypto-wallets-linked-to-russian-users,https://news.ycombinator.com/item?id=30592117,geox,42.0
30606637,McDonald's to temporarilly close all 847 restaurants in Russia,https://www.reuters.com/business/retail-consumer/mcdonalds-close-restaurants-russia-2022-03-08/,https://news.ycombinator.com/item?id=30606637,quadcore,40.0
30621858,Putin’s Strategic Error,https://www.theatlantic.com/international/archive/2022/03/putin-nato-finland-sweden-support-ukraine/626965/,https://news.ycombinator.com/item?id=30621858,gamechangr,39.0
30615132,Russian military's encrypted phones intercepted after destroying 3G/4G towers,https://www.datacenterdynamics.com/en/news/ukraine-russian-militarys-own-encrypted-phones-impacted-after-destroying-3g4g-towers-allowing-comms-to-be-intercepted/,https://news.ycombinator.com/item?id=30615132,timthorn,38.0
30609961,Fitch says default 'imminent' on Russian debt,https://www.reuters.com/markets/europe/fitch-cuts-russias-rating-says-debt-default-imminent-2022-03-08/,https://news.ycombinator.com/item?id=30609961,novateg,38.0
30588331,"China aims to build 450 GW of solar, wind power on Gobi desert",https://www.reuters.com/world/china/china-aims-build-450-gw-solar-wind-power-gobi-desert-2022-03-05/,https://news.ycombinator.com/item?id=30588331,orangebanana1,36.0
30577536,If English was written like Chinese,http://www.zompist.com/yingzi/yingzi.htm,https://news.ycombinator.com/item?id=30577536,graderjs,35.0
30621178,Silicon Valley tech worker was the Ukrainian mom lying dead on street in photo,https://www.sfchronicle.com/california/article/Silicon-Valley-tech-worker-was-the-Ukrainian-mom-16990037.php,https://news.ycombinator.com/item?id=30621178,belltaco,34.0
30591520,How Russia’s invasion of Ukraine is redrawing air routes,https://graphics.reuters.com/UKRAINE-CRISIS/AIRLINES/klpykbmropg/,https://news.ycombinator.com/item?id=30591520,giuliomagnifico,34.0
30600395,UK says it will back Poland if decides to send jets to Ukraine,https://www.reuters.com/world/uk/uk-says-it-will-back-poland-if-decides-sends-jets-ukraine-2022-03-08/,https://news.ycombinator.com/item?id=30600395,mudro_zboris,34.0
30603293,McDonald's closing all 850 restaurants in Russia,https://www.lbc.co.uk/news/mcdonalds-closing-all-restaurants-russia/,https://news.ycombinator.com/item?id=30603293,underscore_ku,33.0
30607459,The Russia-Ukraine War Turned Egypt's Food Crisis into an Economic Threat,https://www.mei.edu/publications/russia-ukraine-war-has-turned-egypts-food-crisis-existential-threat-economy,https://news.ycombinator.com/item?id=30607459,mooreds,31.0
30599759,Over 200 Companies Have Withdrawn from Russia – But Some Remain,https://som.yale.edu/story/2022/over-200-companies-have-withdrawn-russia-some-remain,https://news.ycombinator.com/item?id=30599759,11001100,30.0
30619291,Russia – man in the middle attack is possible by the government now,https://news.ycombinator.com/item?id=30619291,https://news.ycombinator.com/item?id=30619291,outcoldman,28.0
30579429,Russian channels and bots spying in Ukraine,https://kamilkazani.substack.com/p/russian-channels-and-bots-spying,https://news.ycombinator.com/item?id=30579429,keewee7,28.0
30619034,Makeshift arms are pouring out of Ukraine’s ateliers,https://www.economist.com/science-and-technology/makeshift-arms-are-pouring-out-of-ukraines-ateliers/21808082,https://news.ycombinator.com/item?id=30619034,WithinReason,26.0
30599594,After years of living in Moscow: No one should expect Russians to rise up now,https://www.marketwatch.com/story/after-years-of-living-in-moscow-i-have-bad-news-no-one-should-expect-the-russian-people-to-suddenly-rise-up-against-putin-now-11646711445,https://news.ycombinator.com/item?id=30599594,mudro_zboris,25.0
30618370,Lichess Statement on the War in Ukraine,https://lichess.org/blog/Yie1MhIAACAAk6OQ/lichess-statement-on-the-war-in-ukraine,https://news.ycombinator.com/item?id=30618370,eklitzke,25.0
30601141,China Plans to Feed 80M with ‘Seawater Rice’,https://www.bloombergquint.com/china/chinese-scientists-discover-how-to-grow-seawater-rice,https://news.ycombinator.com/item?id=30601141,trasz,24.0
30577206,Moody's cuts Russia rating to Ca on rise in default risk,https://www.reuters.com/business/finance/moodys-cuts-russia-rating-ca-rise-default-risk-2022-03-06/,https://news.ycombinator.com/item?id=30577206,jacquesm,23.0
30612963,Ask HN: Project maintainers in Ukraine – which projects are in danger?,https://news.ycombinator.com/item?id=30612963,https://news.ycombinator.com/item?id=30612963,oger,23.0
30621366,Companies Have Withdrawn from Russia – But Some Remain,https://som.yale.edu/story/2022/over-300-companies-have-withdrawn-russia-some-remain,https://news.ycombinator.com/item?id=30621366,1simplesoul,22.0
30616627,Russian Soldiers Looting Chickens,https://twitter.com/Osinttechnical/status/1501593272187301892,https://news.ycombinator.com/item?id=30616627,underscore_ku,22.0
30605566,"CIA Director – Putin 'Angry and Frustrated,' likely to 'double-down'",https://text.npr.org/1085155440,https://news.ycombinator.com/item?id=30605566,News-Dog,22.0
30591750,Russian Priest Arrested for Delivering Sermon Against Ukraine War,https://www.newsweek.com/russian-priest-arrested-delivering-sermon-anti-war-against-ukraine-1685436,https://news.ycombinator.com/item?id=30591750,awb,22.0
30611809,21y ex Ukrainian math olympiad team member killed by Russian shelling of Charkiv,https://twitter.com/maxfargo88/status/1501444390140760071,https://news.ycombinator.com/item?id=30611809,pgtan,20.0
30603348,"Cloudflare to auto-brick servers that go offline in Ukraine, Russia",https://www.bleepingcomputer.com/news/security/cloudflare-to-auto-brick-servers-that-go-offline-in-ukraine-russia/,https://news.ycombinator.com/item?id=30603348,mooreds,19.0
30594428,U.S. may act alone to ban Russian oil imports,https://www.reuters.com/business/energy/us-prepared-move-alone-banning-russian-oil-imports-sources-2022-03-07/,https://news.ycombinator.com/item?id=30594428,caaqil,19.0
30608009,CERN Council responds to Russian invasion of Ukraine (2022-03-08),https://home.cern/news/news/cern/cern-council-responds-russian-invasion-ukraine,https://news.ycombinator.com/item?id=30608009,jka,19.0
30614285,Ukraine firm warns of risk after power is cut at Chernobyl,https://www.reuters.com/world/ukraine-nuclear-firm-warns-radiation-risk-after-power-cut-occupied-chernobyl-2022-03-09/,https://news.ycombinator.com/item?id=30614285,adenner,18.0
30585650,Ask HN: How can Snowden stay in Russia as of March 2022?,https://news.ycombinator.com/item?id=30585650,https://news.ycombinator.com/item?id=30585650,tmp76785289978,18.0
30598888,My own house is reportedly destroyed by Russian Forces. The R&D lab is gone.,https://twitter.com/vshymanskyy/status/1501132484062425089,https://news.ycombinator.com/item?id=30598888,keewee7,17.0
30609690,Ukraine must have a collective security agreement with all its neighbors,https://www.president.gov.ua/en/news/ukrayina-povinna-mati-kolektivnij-dogovir-bezpeki-zi-vsima-s-73433,https://news.ycombinator.com/item?id=30609690,vinnyglennon,17.0
30619433,"Ukraine's first-lady, says Russia is waging mass-Murder of Civilians",https://text.npr.org/1085420036,https://news.ycombinator.com/item?id=30619433,News-Dog,17.0
30602570,US banning all imports of Russian oil and gas,https://twitter.com/POTUS/status/1501237509853962242,https://news.ycombinator.com/item?id=30602570,dotcoma,17.0
30598120,WebSDR allows you to listen to russian troops using Baofengs in Ukraine,http://websdr.org/,https://news.ycombinator.com/item?id=30598120,oger,17.0
30611761,Russian Police Arrest 13K Protesters as Ukraine Invasion Opposition Surges,https://www.newsweek.com/russian-police-arrest-13k-protesters-ukraine-invasion-opposition-surges-1685965#Echobox=1646757028,https://news.ycombinator.com/item?id=30611761,awb,17.0
30624320,Users upset DuckDuckGo down-ranks sites associated with Russian disinformation,https://twitter.com/yegg/status/1501716484761997318,https://news.ycombinator.com/item?id=30624320,username3,17.0
30615190,Russia’s Oldest University to Expel Students Detained at Anti-War Protests,https://www.themoscowtimes.com/2022/03/09/russias-oldest-university-to-expel-students-detained-at-anti-war-protests-kommersant-a76838,https://news.ycombinator.com/item?id=30615190,underscore_ku,16.0
30617484,Dominance hierarchy within Russian economy,https://twitter.com/kamilkazani/status/1501396368451158023,https://news.ycombinator.com/item?id=30617484,croes,16.0
30594222,Russia’s ruling party suggests nationalization of foreign businesses,https://www.rt.com/russia/551434-party-nationalize-companies-sanctions/,https://news.ycombinator.com/item?id=30594222,empressplay,16.0
30595017,Leaked Chat Logs of the Russian Ransomware Group Conti,https://krebsonsecurity.com/2022/03/conti-ransomware-group-diaries-part-i-evasion/,https://news.ycombinator.com/item?id=30595017,derefr,16.0
30598972,Ukrainian drone enthusiasts detect Russian forces,https://www.youtube.com/watch?v=s_X_N985OHs,https://news.ycombinator.com/item?id=30598972,giuliomagnifico,16.0
30583280,U Chicago students demand Prof. Mearsheimer change views on Russia vs. Ukraine,https://chicagocitywire.com/stories/621316813-u-chicago-students-demand-political-science-professor-mearsheimer-change-his-views-on-russia-v-ukraine,https://news.ycombinator.com/item?id=30583280,thereare5lights,16.0
30603409,BBC to Resume Reporting from Russia,https://www.reuters.com/world/uk/bbc-resume-reporting-russia-2022-03-08/,https://news.ycombinator.com/item?id=30603409,mudro_zboris,15.0
30596898,Ukraine Thoughts and Links,https://astralcodexten.substack.com/p/ukraine-thoughts-and-links,https://news.ycombinator.com/item?id=30596898,feross,15.0
30606457,CERN suspends Russias observer status and all future collaboration over invasion,https://www.euronews.com/next/2022/03/08/ukraine-war-cern-suspends-russia-s-observer-status-and-all-future-collaboration-over-invas,https://news.ycombinator.com/item?id=30606457,joenathanone,15.0
30581504,Raspberry Pi: Has it helped more kids to consider a computing career? [video],https://www.youtube.com/watch?v=ohkD8FNDIXw,https://news.ycombinator.com/item?id=30581504,open-source-ux,15.0
30596014,"Dashboard of 5,330 sanctions against Russia",https://www.castellum.ai/russia-sanctions-dashboard,https://news.ycombinator.com/item?id=30596014,rexbee,15.0
30609994,Russian military doctrine calls limited nuclear strike “deescalation” Here’s why,https://thebulletin.org/2022/03/russian-military-doctrine-calls-a-limited-nuclear-strike-de-escalation-heres-why/,https://news.ycombinator.com/item?id=30609994,CRConrad,15.0
30621507,Statement concerning the war.ukraine.ua website – Hetzner,https://www.hetzner.com/presse-berichte/2022/03/166980,https://news.ycombinator.com/item?id=30621507,freemint,15.0
30596869,The distributed web isn’t ready for Russian Runet cutoff from the Internet,https://www.ctrl.blog/entry/dweb-readiness-runet.html,https://news.ycombinator.com/item?id=30596869,giuliomagnifico,14.0
30618834,Finland reports GPS disturbances in aircrafts flying over Russia’s Kaliningrad,https://www.theguardian.com/world/2022/mar/09/finland-gps-disturbances-aircrafts-russia,https://news.ycombinator.com/item?id=30618834,fy20,14.0
30600337,I Was Wrong About Putin,https://www.theatlantic.com/ideas/archive/2022/03/putin-russian-political-deterioration/626966/,https://news.ycombinator.com/item?id=30600337,gamechangr,14.0
30614348,"War in Ukraine: Russia soon unable to pay its debts, warns agency",https://www.bbc.co.uk/news/business-60672085,https://news.ycombinator.com/item?id=30614348,curtisblaine,14.0
30610324,Once and for all: the promise of graph computing,https://www.juliustech.co/blog/why-graph-computing-is-stellar,https://news.ycombinator.com/item?id=30610324,yadongli,14.0
30623163,The United States does not have chemical and biological weapons labs in Ukraine,https://twitter.com/StateDept/status/1501724524311678980,https://news.ycombinator.com/item?id=30623163,Jimmc414,14.0
30621924,Russia’s techies flee country they fear is ‘flying into an abyss’,https://www.ft.com/content/a8b53d7a-08c5-484e-9dc6-cd4b2d889e3f,https://news.ycombinator.com/item?id=30621924,awb,14.0
30580248,Update on Spotify’s compliance with Russian censorship,https://copyriot.se/2022/03/06/update-on-spotifys-compliance-with-russian-censorship/,https://news.ycombinator.com/item?id=30580248,unicornporn,14.0
30593899,Ukraine Gave Up Nuclear Arms and Got Betrayed,https://theintercept.com/2022/02/27/ukraine-nuclear-weapons-russia-invasion/,https://news.ycombinator.com/item?id=30593899,justin66,14.0
30599159,OSINT researchers went viral unpacking the war in Ukraine,https://restofworld.org/2022/osint-viral-ukraine/,https://news.ycombinator.com/item?id=30599159,donohoe,13.0
30605375,"Zelensky: “No Longer Pursuing NATO Membership, Open to Compromise on DNR/LNR”",https://www.straitstimes.com/world/europe/in-nod-to-russia-ukraine-says-no-longer-insisting-on-nato-membership,https://news.ycombinator.com/item?id=30605375,deutschew,13.0
30606939,"McDonald’s, Starbucks and Coca-Cola Suspend Russian Operations",https://www.theguardian.com/world/2022/mar/08/mcdonalds-bows-to-pressure-and-closes-all-its-russian-restaurants,https://news.ycombinator.com/item?id=30606939,sofixa,13.0
30598690,UN Says Ukrainian Refugees Surpass 2M,https://www.rferl.org/a/ukraine-russia-refugees-united-nations/31742605.html,https://news.ycombinator.com/item?id=30598690,underscore_ku,13.0
30612313,Russia’s techies flee country they fear is ‘flying into an abyss’,https://www.ft.com/content/a8b53d7a-08c5-484e-9dc6-cd4b2d889e3f,https://news.ycombinator.com/item?id=30612313,vinnyglennon,13.0
30609687,The curious case of Russia’s missing Air Force,https://www.economist.com/interactive/2022/03/08/curious-case-russias-missing-air-force,https://news.ycombinator.com/item?id=30609687,awb,13.0
30618242,"Russia admits conscripts have been fighting in Ukraine, despite previous denials",https://www.cnn.com/2022/03/09/europe/russia-conscripts-fighting-ukraine-intl/index.html,https://news.ycombinator.com/item?id=30618242,mudro_zboris,13.0
30600520,JetBrains is openly supporting Ukraine,https://github.com/vshymanskyy/StandWithUkraine/issues/11,https://news.ycombinator.com/item?id=30600520,afandian,13.0
30605143,Russia May Use Antiquated An-2 Biplanes to 'Draw Out' Ukrainian Air Defenses,https://theaviationist.com/2022/03/02/russia-may-use-an-2-biplanes-in-ukraine/,https://news.ycombinator.com/item?id=30605143,georgecmu,12.0
30613273,US looks to keep Ukrainian 'biological research facilities' from Russian control,https://www.washingtonexaminer.com/policy/defense-national-security/us-looks-to-keep-ukrainian-biological-research-facilities-from-russian-control,https://news.ycombinator.com/item?id=30613273,tqxvak,12.0
30618717,Children buried in rubble after Russian airstrike on Mariupol hospital,https://www.theguardian.com/world/live/2022/mar/09/ukraine-news-russia-war-ceasefire-broken-humanitarian-corridors-kyiv-russian-invasion-live-vladimir-putin-volodymyr-zelenskiy-latest-updates,https://news.ycombinator.com/item?id=30618717,squarefoot,12.0
30598253,Russian military communications intercepted after they destroyed 4G towers,https://www.rawstory.com/russia-ukraine-war/,https://news.ycombinator.com/item?id=30598253,Mo3,12.0
30604986,"Coinbase blocks 25,000 Russia-linked crypto addresses",https://blog.coinbase.com/using-crypto-tech-to-promote-sanctions-compliance-8a17b1dabd68,https://news.ycombinator.com/item?id=30604986,Mistri,12.0
30604938,Senators seek to freeze Russian gold reserves,https://thehill.com/policy/finance/597332-senators-seek-to-freeze-russian-gold-reserves,https://news.ycombinator.com/item?id=30604938,tosh,12.0
30606963,"Don't Block Russians, Inform Them",https://www.zdziarski.com/blog/?p=10995,https://news.ycombinator.com/item?id=30606963,jzdziarski,12.0
30599336,What the Syria war tells about Russia's use of humanitarian corridors,https://www.npr.org/2022/03/08/1085097957/what-the-war-in-syria-tells-about-russias-use-of-humanitarian-corridors,https://news.ycombinator.com/item?id=30599336,mudro_zboris,12.0
30620764,Crowdsourced map of Russia-Ukraine war videos,https://www.info-res.org/map,https://news.ycombinator.com/item?id=30620764,geox,12.0
30613032,US rejects Poland’s offer to send MiG-29 fighter jets to Ukraine,https://www.aljazeera.com/news/2022/3/9/us-rejects-poland-offer-to-send-mig-29-fighter-jets-to-ukraine,https://news.ycombinator.com/item?id=30613032,sschueller,11.0
30614130,Dutch internet providers block six Russian media websites,https://www.reuters.com/article/ukraine-crisis-netherlands-websites-idUKS8N2UM035,https://news.ycombinator.com/item?id=30614130,lb_,11.0
30625289,EU unveils plan to end reliance on Russian gas,https://www.bbc.co.uk/news/science-environment-60664799,https://news.ycombinator.com/item?id=30625289,open-source-ux,11.0
30613024,Roskomvoboda's statement on disabling services for Russian citizens [pdf],https://roskomsvoboda.org/uploads/documents/statement_of_roskomsvoboda_team.pdf,https://news.ycombinator.com/item?id=30613024,phmx,11.0
30608978,Twitter Launches Tor Onion Service Making Site Easier to Access in Russia,https://www.vice.com/en/article/v7dqxd/twitter-tor-onion-service-dark-web-version,https://news.ycombinator.com/item?id=30608978,arkadiyt,11.0
30618133,Russian troops wave Soviet Union flag from tanks inside Ukraine,https://www.independent.co.uk/tv/news/russian-troops-soviet-union-flag-ukraine-b2023137.html,https://news.ycombinator.com/item?id=30618133,belter,11.0
30617487,Lessors face legal quagmire as Russian plane repos stall,https://www.reuters.com/markets/europe/lessors-face-legal-quagmire-russian-plane-repos-stall-2022-03-09/,https://news.ycombinator.com/item?id=30617487,mhandley,11.0
30613620,Chornobyl disconnected from power following Russian attack,https://twitter.com/KyivIndependent/status/1501530325985472512,https://news.ycombinator.com/item?id=30613620,thesumofall,11.0
30601647,United Nations advises staff against using ‘war’ or ‘invasion’ regarding Ukraine,https://www.irishtimes.com/news/world/united-nations-advises-staff-against-using-war-or-invasion-regarding-ukraine-1.4821438,https://news.ycombinator.com/item?id=30601647,georgecmu,11.0
30600662,European Union to slash Russian gas imports by 66% this year,https://www.cnn.com/2022/03/08/energy/gas-russia-europe/index.html,https://news.ycombinator.com/item?id=30600662,geox,11.0
30620675,‘I was always scared’: inmate who exposed systemic Russian prisoner abuse (2021),https://www.theguardian.com/world/2021/nov/08/i-was-always-scared-inmate-who-exposed-systemic-russian-prisoner-abuse,https://news.ycombinator.com/item?id=30620675,mudro_zboris,11.0
30623638,Zelensky – Russia's Bombing of Maternity and Childrens Hospital an 'Atrocity',https://lite.cnn.com/en/article/h_a454ab395979ffe6aa555219a3e27577,https://news.ycombinator.com/item?id=30623638,News-Dog,11.0
30603089,Russia Is Now the World’s Most Sanctioned Country,https://globelynews.com/world/russia-sanctions-most-sanctioned-countries-iran-venezuela/,https://news.ycombinator.com/item?id=30603089,exonmobile,11.0
30598416,Morgan Stanley Says Russia’s Set for Default by April,https://www.bloomberg.com/news/articles/2022-03-07/morgan-stanley-sees-russia-set-for-venezuela-style-debt-default,https://news.ycombinator.com/item?id=30598416,belter,10.0
30611377,"Western nations cut ties with Russian science, as some projects remain neutral",https://www.science.org/content/article/western-nations-cut-ties-russian-science-even-some-projects-try-remain-neutral,https://news.ycombinator.com/item?id=30611377,hkmaxpro,10.0
30593396,New blocks emerge in Russia amid war in Ukraine,https://ooni.org/post/2022-russia-blocks-amid-ru-ua-conflict/,https://news.ycombinator.com/item?id=30593396,DyslexicAtheist,10.0
30599629,Google continues to run advertising on Russian disinformation sites,https://www.businessinsider.com/google-serving-ads-on-sites-spreading-russia-ukraine-war-disinformation-2022-3,https://news.ycombinator.com/item?id=30599629,nabla9,10.0
30599554,Uniqlo stays open in Russia saying clothes are 'necessity',https://www.bbc.com/news/business-60660006,https://news.ycombinator.com/item?id=30599554,jleyank,10.0
30606376,Amazon Web Services blocks new sign-ups from Russia and Belarus,https://www.nytimes.com/2022/03/08/technology/amazon-web-services-russia.html,https://news.ycombinator.com/item?id=30606376,mudro_zboris,10.0
30599461,Russia is deploying armoured trains in Melitopol (2022),https://old.reddit.com/r/trains/comments/t90zj6/russia_has_deployed_armoured_trains_in_melitopol/,https://news.ycombinator.com/item?id=30599461,sofixa,10.0
30602623,Russia Is Preparing to Cut Itself Off from the Global Internet,https://www.vice.com/en/article/88gevb/russia-is-preparing-to-cut-itself-off-from-the-global-internet,https://news.ycombinator.com/item?id=30602623,underscore_ku,10.0
30611476,Upwork suspends operations in Russia and Belarus,https://www.upwork.com/blog/a-letter-from-our-ceo-march-2022,https://news.ycombinator.com/item?id=30611476,pramodbiligiri,10.0
30619959,Ukraine prepares potential move of sensitive data to another country,https://www.reuters.com/world/europe/exclusive-ukraine-prepares-potential-move-sensitive-data-another-country-2022-03-09/,https://news.ycombinator.com/item?id=30619959,cf100clunk,10.0
30618206,Russian MoD has confirmed the use of the TOS-1A weapon system in Ukraine,https://twitter.com/DefenceHQ/status/1501621370614173701,https://news.ycombinator.com/item?id=30618206,tosh,10.0
30607517,China Reports Most Daily Covid Cases Since Wuhan Outbreak,https://www.bloomberg.com/news/articles/2022-03-07/china-reports-most-daily-covid-infections-since-wuhan-outbreak,https://news.ycombinator.com/item?id=30607517,avonmach,10.0
30615221,Ukraine's small combat drone “The Punisher” destroys Russian supply lines,https://interestingengineering.com/ukraines-combat-drone-the-punisher,https://news.ycombinator.com/item?id=30615221,elorant,10.0
30602099,"YouTube, please help stop the war in Ukraine",https://news.ycombinator.com/item?id=30602099,https://news.ycombinator.com/item?id=30602099,geoka9,9.0
30619010,Putin 'destroyed' the ruble and brought Russia to the brink of default,https://www.cnn.com/2022/03/09/business/ruble-russia-central-bank/index.html,https://news.ycombinator.com/item?id=30619010,underscore_ku,9.0
30608165,Fitch Downgrades Russia to 'C',https://www.fitchratings.com/research/sovereigns/fitch-downgrades-russia-to-c-08-03-2022,https://news.ycombinator.com/item?id=30608165,mzs,9.0
30618909,Dear Google: It’s time to remove Russian propaganda from search results,https://searchengineland.com/google-russian-propaganda-search-results-382229#.YijM0T8SksU.linkedin,https://news.ycombinator.com/item?id=30618909,siskiyou,9.0
30580484,Students launch site to connect Ukrainian refugees with potential hosts abroad,https://euromaidanpress.com/2022/03/06/students-launch-site-to-connect-ukrainian-refugees-with-potential-hosts-abroad/,https://news.ycombinator.com/item?id=30580484,mudro_zboris,9.0
30593241,Story of a failed attempt to repossess a Russian airliner,https://theaircurrent.com/aircraft-leasing/repo-aeroflot-a321neo-egypt/,https://news.ycombinator.com/item?id=30593241,davidw,9.0
30599871,Latvian member of parliament joins foreign fighters in Ukraine,https://www.reuters.com/world/europe/latvian-member-parliament-joins-foreign-fighters-ukraine-2022-03-08/,https://news.ycombinator.com/item?id=30599871,underscore_ku,9.0
30614445,Cow-counting app abused by China 'to spy on US states',https://www.theregister.com/2022/03/09/china_apt41_mandiant_usaherds/,https://news.ycombinator.com/item?id=30614445,LinuxBender,9.0
30614562,Nurse Speculates Putin Has Symptoms of Parkinson's in Viral Video,https://www.newsweek.com/nurse-speculates-putin-has-symptoms-parkinsons-viral-video-1686086,https://news.ycombinator.com/item?id=30614562,mudro_zboris,9.0
30590481,Update 13 – IAEA Director General Statement on Situation in Ukraine,https://www.iaea.org/newscenter/pressreleases/update-13-iaea-director-general-statement-on-situation-in-ukraine,https://news.ycombinator.com/item?id=30590481,jules-jules,8.0
30623553,Do Russians Want War? (Research),https://www.dorussianswantwar.com/en,https://news.ycombinator.com/item?id=30623553,dotcoma,8.0
30602108,U.S. will ban Russian oil imports,https://www.cnbc.com/2022/03/08/us-expected-to-announce-ban-on-russian-oil-as-soon-as-today-nbc-news-reports.html,https://news.ycombinator.com/item?id=30602108,awb,8.0
30604140,McDonald’s to Shutter 850 Russia Stores After Rising Backlash,https://www.bloomberg.com/news/articles/2022-03-08/mcdonald-s-to-temporarily-close-its-850-russia-locations,https://news.ycombinator.com/item?id=30604140,ushakov,8.0
30621952,China’s Russia Risk,https://www.theatlantic.com/international/archive/2022/03/xi-putin-friendship-russia-ukraine/626973/,https://news.ycombinator.com/item?id=30621952,gamechangr,8.0
30602223,Ask HN: Satellite data analysis for war impact on climate and humans in Ukraine,https://news.ycombinator.com/item?id=30602223,https://news.ycombinator.com/item?id=30602223,Brajeshwar,8.0
30618436,CERN Suspends Collaborations with Russia,https://www.scientificamerican.com/article/cern-suspends-collaborations-with-russia/,https://news.ycombinator.com/item?id=30618436,0xedb,8.0
30608561,Ukraine successfully attacked Russian vehicles in Kyiv thanks to Telegram tip,https://www.businessinsider.com/ukraine-attack-russian-vehicles-kyiv-telegram-tip-2022-3,https://news.ycombinator.com/item?id=30608561,awb,8.0
30604928,Upwork Statement on the Invasion of Ukraine and Operations in Russia and Belarus,https://www.upwork.com/press/releases/statement-from-upwork-on-the-invasion-of-ukraine-and-operations-in-russia-and-belarus,https://news.ycombinator.com/item?id=30604928,Turukawa,8.0
30610484,Russia suspends foreign currency sales,https://www.barrons.com/news/russia-suspends-forex-sales-to-september-9-central-bank-01646776207,https://news.ycombinator.com/item?id=30610484,novateg,8.0
30612813,How Western Elites Exploit Ukraine,https://unherd.com/2022/03/how-western-elites-exploit-ukraine/,https://news.ycombinator.com/item?id=30612813,yessirwhatever,8.0
30612779,Ukraine war: Why has 'Z' become a Russian pro-war symbol?,https://www.bbc.co.uk/news/world-europe-60644832,https://news.ycombinator.com/item?id=30612779,vanilla-almond,8.0
30619879,The Ukraine War and the price of bread,https://noahpinion.substack.com/p/the-ukraine-war-and-the-price-of,https://news.ycombinator.com/item?id=30619879,paulpauper,8.0
30608114,Russian central bank imposes $10k limit on foreign cash withdrawals,https://finance.yahoo.com/news/russian-central-bank-imposes-10-211856000.html,https://news.ycombinator.com/item?id=30608114,underscore_ku,8.0
30620523,‘Pure genocide’: civilian targets in Mariupol ‘annihilated’ by Russian attacks,https://www.theguardian.com/world/2022/mar/09/pure-genocide-civilian-targets-in-mariupol-annihilated-by-russian-attacks,https://news.ycombinator.com/item?id=30620523,sofixa,8.0
30619336,"Russia admits Conscripts fighting in Ukraine, despite Putin's previous Denials",https://lite.cnn.com/en/article/h_0ae660da28b4de04ee052995bc451a99,https://news.ycombinator.com/item?id=30619336,News-Dog,8.0
30608024,"Coinbase blocks access to over 25,000 Russian-owned cryptocurrency wallets",https://venturebeat.com/2022/03/07/coinbase-blocks-access-to-over-25000-russian-owned-cryptocurrency-wallets/,https://news.ycombinator.com/item?id=30608024,mmq,8.0
30607598,McDonald's and Coca Cola halt business in Russia,https://www.bbc.co.uk/news/business-60665877,https://news.ycombinator.com/item?id=30607598,vinni2,8.0
30619636,U.S. $13.6B Aid package for Ukraine,https://lite.cnn.com/en/article/h_6b1176c790fad05fe7d0a6f16776305b,https://news.ycombinator.com/item?id=30619636,News-Dog,8.0
30610306,A closer look at Russian army logistics (2021),https://warontherocks.com/2021/11/feeding-the-bear-a-closer-look-at-russian-army-logistics/,https://news.ycombinator.com/item?id=30610306,greesil,8.0
30622389,Chinese smartphone shipments to Russia plunge as rouble collapses,https://www.ft.com/content/8f3e0214-94b1-4d73-b34f-31c189437578,https://news.ycombinator.com/item?id=30622389,JumpCrisscross,7.0
30619938,Backlash against Russian-branded gas stations hits Americans,https://abcnews.go.com/US/wireStory/local-lukoil-gas-stations-feel-sting-russia-backlash-83246741,https://news.ycombinator.com/item?id=30619938,georgecmu,7.0
30619494,Russian Commission Backs Nationalization of Exited Western Businesses,https://www.wsj.com/livecoverage/russia-ukraine-latest-news-2022-03-09/card/russian-commission-backs-nationalization-of-exited-western-businesses-YmEMuTCPezVe08xDRqAB,https://news.ycombinator.com/item?id=30619494,JumpCrisscross,7.0
30623956,Russian Bear Steps on Ukrainian Lego Illustration,https://kottke.org/22/03/russian-bear-steps-on-ukrainian-lego,https://news.ycombinator.com/item?id=30623956,kelt,7.0
30620173,The Case for a No-Fly Zone in Ukraine,https://www.jurist.org/commentary/2022/03/christina-alam-ukraine-russia-no-fly-zone/,https://news.ycombinator.com/item?id=30620173,HellDunkel,7.0
30620267,Sony suspends all Playstation sales in Russia over Ukraine war,https://www.cnbc.com/2022/03/09/sony-suspends-all-playstation-sales-in-russia-over-ukraine-war.html,https://news.ycombinator.com/item?id=30620267,HieronymusBosch,7.0
30624737,IAEA resolution condemning Russian attacks on nuclear facilities in Ukraine [pdf],https://www.iaea.org/sites/default/files/22/03/gov-2022-17.pdf,https://news.ycombinator.com/item?id=30624737,torts,7.0
30619103,The curious case of Russia’s missing Air Force,https://www.economist.com/interactive/2022/03/08/curious-case-russias-missing-air-force,https://news.ycombinator.com/item?id=30619103,CapitalistCartr,7.0
30624826,Miscalculation and Myopia in Moscow: Understanding Russia’s Regime Change Folly,https://mwi.usma.edu/miscalculation-and-myopia-in-moscow-understanding-russias-regime-change-folly/,https://news.ycombinator.com/item?id=30624826,rbanffy,7.0
30625478,The Russia-Ukraine Cyber War in the Deep and Dark Web,https://webz.io/dwp/the-russia-ukraine-cyber-war-in-the-deep-and-dark-web/,https://news.ycombinator.com/item?id=30625478,goindeep,7.0
30626924,Anatomy of AI,https://anatomyof.ai/,https://news.ycombinator.com/item?id=30626924,elie_CH,7.0
30603948,"EU lawmakers to push for ban on new 'golden passports', visas for Russians",https://www.reuters.com/world/europe/eu-lawmakers-push-ban-new-golden-passports-visas-russians-2022-03-08/,https://news.ycombinator.com/item?id=30603948,mudro_zboris,7.0
30600174,US to ban Russian oil imports over Ukraine invasion,https://www.usatoday.com/story/news/politics/2022/03/08/ukraine-us-expected-ban-russian-oil-imports/9422798002/,https://news.ycombinator.com/item?id=30600174,underscore_ku,7.0
30602954,'We are refugees': Russians flee rising authoritarianism,https://www.aljazeera.com/news/2022/3/8/we-are-refugees-russians-flee-rising-authoritarianism,https://news.ycombinator.com/item?id=30602954,mudro_zboris,7.0
30604743,Upwork Suspending Operations in Russia and Belarus,https://community.upwork.com/t5/FAQ-Suspended-Operations-in/ct-p/FAQ,https://news.ycombinator.com/item?id=30604743,kull,7.0
30616477,Ukraine's Zelensky says he has 'cooled' on joining NATO,https://www.businessinsider.com/ukraines-zelensky-says-he-has-cooled-on-joining-nato-2022-3,https://news.ycombinator.com/item?id=30616477,LittleMoveBig,7.0
30601827,"US Announced Ban on Russian Oil, Gas and Coal",https://www.cbsnews.com/live-updates/biden-russia-oil-ban-ukraine-watch-live-stream-today-2022-03-08/,https://news.ycombinator.com/item?id=30601827,already,7.0
30601797,CERN pauses future research collaboration with Russia,https://www.space.com/cern-stops-future-russia-cooperation-ukraine-protest,https://news.ycombinator.com/item?id=30601797,NmAmDa,7.0
30607018,Twitter launches a Tor service to help Russians evade censorship,https://www.engadget.com/twitter-tor-onion-service-evade-censorship-210549633.html,https://news.ycombinator.com/item?id=30607018,mhalle,7.0
30609352,The bank run in Russia could become a run on the country’s central bank itself,https://www.city-journal.org/russian-bank-run-is-no-ordinary-panic,https://news.ycombinator.com/item?id=30609352,Bostonian,7.0
30623726,Ukrainian Hospital Bombing Increases Pressure on US and Allies to Stop Russia,https://lite.cnn.com/en/article/h_fdf52959aa1fccdf4ee0b59a0e732f62,https://news.ycombinator.com/item?id=30623726,News-Dog,6.0
30612405,‘Lithuania mania’ sweeps Taiwan as Beijing’s spat with Vilnius sizzles,https://www.scmp.com/news/china/diplomacy/article/3169793/lithuania-mania-sweeps-taiwan-beijings-spat-vilnius-sizzles,https://news.ycombinator.com/item?id=30612405,graderjs,6.0
30611946,How reliant is the world on Russia for oil and gas?,https://www.bbc.co.uk/news/58888451,https://news.ycombinator.com/item?id=30611946,vanilla-almond,6.0
30611711,Bumble to Exit Business in Russia. Next Is Tinder?,https://www.reuters.com/article/bumble-results-idUKL3N2VB409,https://news.ycombinator.com/item?id=30611711,cryptography,6.0
30622127,Oliver Stone-produced “Ukraine on Fire” moves to Rumble after YouTube censorship,https://reclaimthenet.org/youtube-removes-ukraine-on-fire-documentary-rumble/,https://news.ycombinator.com/item?id=30622127,cato_the_elder,6.0
30610900,Sanctions on Russia Will Fail Without Diplomacy,https://www.newsweek.com/why-sanctions-russia-will-fail-without-diplomacy-opinion-1686069,https://news.ycombinator.com/item?id=30610900,barry-cotter,6.0
30619672,US rejects Poland’s offer to send MiG-29 fighter jets to Ukraine,https://www.aljazeera.com/news/2022/3/9/us-rejects-poland-offer-to-send-mig-29-fighter-jets-to-ukraine,https://news.ycombinator.com/item?id=30619672,belter,6.0
30595950,VPN services have become the most downloaded apps in Russia,https://licensingrussia.ru/article/9350-vpn-servisy-stali-samymi-skachivaemymi-v-rossii/,https://news.ycombinator.com/item?id=30595950,ani_obsessive,6.0
30621163,How SpaceX got Starlink up and running in Ukraine: report,https://www.space.com/how-spacex-got-starlink-running-ukraine,https://news.ycombinator.com/item?id=30621163,pseudolus,6.0
30604568,Getting a Sense of the Russian Soul,https://razib.substack.com/p/getting-a-sense-of-the-russian-soul,https://news.ycombinator.com/item?id=30604568,hunglee2,6.0
30613272,Coinbase banned Russian wallets even if it said it was immune to sanctions,https://scontent.fmxp9-1.fna.fbcdn.net/v/t39.30808-6/275495242_10220844291564192_1495535381783497012_n.jpg?_nc_cat=109&ccb=1-5&_nc_sid=8bfeb9&_nc_ohc=O_C9lk8C92wAX8Tv3YE&tn=ecJonvJ5vUczX1Dp&_nc_ht=scontent.fmxp9-1.fna&oh=00_AT9PXXgcyOYwEnWHjyi7w4ywxxsl8PPMBRJLEf66aZGEGQ&oe=622D4978,https://news.ycombinator.com/item?id=30613272,gw67,6.0
30620687,Ukraine Conflict Updates,https://www.understandingwar.org/backgrounder/ukraine-conflict-updates,https://news.ycombinator.com/item?id=30620687,he0001,6.0
30594602,Plan A – Princeton Study of a Possible Nuclear War Between the USA and Russia,https://sgs.princeton.edu/the-lab/plan-a,https://news.ycombinator.com/item?id=30594602,Jerry2,6.0
30615711,Kyiv Declaration,https://kyivdeclaration.org/,https://news.ycombinator.com/item?id=30615711,harscoat,6.0
30626373,UK says Russian commanders will be held to account for war crimes,https://www.reuters.com/world/europe/uk-says-russian-commanders-will-be-held-account-war-crimes-2022-03-10/,https://news.ycombinator.com/item?id=30626373,mudro_zboris,6.0
30626346,Russia says China refuses to supply aircraft parts after sanctions,https://www.reuters.com/business/aerospace-defense/russia-says-china-refuses-supply-aircraft-parts-after-sanctions-2022-03-10/,https://news.ycombinator.com/item?id=30626346,mudro_zboris,6.0
30617461,I’m a Ukrainian Official. We Need More Help on the Digital Front,https://www.wired.com/story/ukrainian-official-digital-front/,https://news.ycombinator.com/item?id=30617461,incomplete,6.0
30625560,Why Lying in Russia Has Become a National Pastime,https://www.themoscowtimes.com/2012/10/22/why-lying-has-become-a-national-pastime-a18754,https://news.ycombinator.com/item?id=30625560,curtisblaine,6.0
30617961,Let's make a simple visualisation of dominance hierarchy within Russian economy,https://nitter.net/kamilkazani/status/1501394344095490048#m,https://news.ycombinator.com/item?id=30617961,Tomte,6.0
30625556,EU tells Google to delist Russian state media websites from search,https://www.engadget.com/eu-google-delist-russian-state-media-websites-search-104441509.html,https://news.ycombinator.com/item?id=30625556,perihelions,6.0
30618140,“Absolutely convinced that Putin will fail” – Blinken,https://www.cnn.com/europe/live-news/ukraine-russia-putin-news-03-09-22/index.html,https://news.ycombinator.com/item?id=30618140,novateg,6.0
30612120,VMware is suspending all business operations in Russia and Belarus,https://news.vmware.com/releases/vmware-statement-regarding-ukraine,https://news.ycombinator.com/item?id=30612120,DLion,6.0
30615235,Interesting clip with a Russian student in Sweden locked out of her bank account,https://www.svt.se/nyheter/lokalt/uppsala/ryska-irinas-betalkort-ar-frysta-forsoker-oppna-svenskt-konto,https://news.ycombinator.com/item?id=30615235,acadapter,6.0
30624998,Russia’s New T-14 Armata Tank Is a Terror (It Just Has One Giant Problem),https://www.19fortyfive.com/2021/07/russias-new-t-14-armata-tank-is-a-terror-it-just-has-one-giant-problem/,https://news.ycombinator.com/item?id=30624998,rntn,6.0
30625232,Is Russia Really About To Cut Itself Off From The Internet? What Can We Expect?,https://swarajyamag.com/world/is-russia-really-about-to-cut-itself-off-from-the-internet-and-what-can-we-expect-if-it-does,https://news.ycombinator.com/item?id=30625232,rustoo,6.0
30618315,YouTube deleted Ukraine On Fire film. Director asks everyone to distribute it.,https://twitter.com/lopatonok/status/1501433087565000704,https://news.ycombinator.com/item?id=30618315,zrm,6.0
30621367,Join the Legion and help defend Ukraine,https://fightforua.org/,https://news.ycombinator.com/item?id=30621367,belter,5.0
30626130,The Stalinisation of Russia,https://www.economist.com/leaders/2022/03/12/the-stalinisation-of-russia,https://news.ycombinator.com/item?id=30626130,acqbu,5.0
30586380,Ukrainian physicists call for Russia’s ouster from CERN,https://www.science.org/content/article/ukrainian-physicists-call-russia-s-ouster-cern,https://news.ycombinator.com/item?id=30586380,pseudolus,5.0
30601232,Add StandWithUkraine Banner to Updates,https://github.com/composer/packagist/commit/86244a3695fcaaac9c5ba4257a4314eae1c6d981,https://news.ycombinator.com/item?id=30601232,jdefelice,5.0
30623571,Russia-Ukraine War: What Happened March 9,https://text.npr.org/1085436169,https://news.ycombinator.com/item?id=30623571,News-Dog,5.0
30584115,Permacomputing – A holistic approach to computing and sustainability,https://wiki.xxiivv.com/site/permacomputing.html,https://news.ycombinator.com/item?id=30584115,dietrichepp,5.0
30600352,A Russian Armored Train Has Joined the Invasion of Ukraine,https://www.thedrive.com/the-war-zone/44620/a-russian-armored-train-has-joined-the-invasion-of-ukraine,https://news.ycombinator.com/item?id=30600352,aww_dang,5.0
30600782,War in Ukraine: Free to Read,https://www.ft.com/content/77ab8dcf-cb02-4e57-aff0-85c8a84f5a1f,https://news.ycombinator.com/item?id=30600782,pre63,5.0
30622443,Why Russians Are Fleeing Russia,https://www.vice.com/en/article/5dgqq5/russians-flee-russia-vladimir-putin-ukraine-war,https://news.ycombinator.com/item?id=30622443,awb,5.0
30594064,KSG Recommendations for a Controlled Shutdown of Russian Operations,https://intel.ks.group/p/controlled-shutdown,https://news.ycombinator.com/item?id=30594064,wglb,5.0
30623070,Pausing Google Play's billing system for users in Russia,https://support.google.com/googleplay/android-developer/answer/11950272?hl=en,https://news.ycombinator.com/item?id=30623070,farmerbb,5.0
30600636,Senators look to lock down Russia's gold reserves,https://www.axios.com/scoop-senators-look-to-lock-down-russias-gold-reserves-04c6c7bb-cc32-4e72-981e-fa972c31a1a4.html,https://news.ycombinator.com/item?id=30600636,underscore_ku,5.0
30600437,Belarus conducted widespread phishing campaigns against Ukraine and Poland,https://www.washingtonpost.com/technology/2022/03/07/russia-belarus-conducted-widespread-phishing-campaigns-ukraine-google-says/,https://news.ycombinator.com/item?id=30600437,paulcarroty,5.0
30622041,"Amazon Shuts Off Prime Video in Russia, Halts Product Shipments",https://variety.com/2022/digital/news/amazon-suspends-prime-video-russia-shipments-1235199942/,https://news.ycombinator.com/item?id=30622041,awb,5.0
30616924,Roskomsvoboda Statement (info-isolation of Russia) [pdf],https://github.com/e-oz/files/blob/main/statement_of_roskomsvoboda_team.pdf,https://news.ycombinator.com/item?id=30616924,EugeneOZ,5.0
30615330,CERN Council responds to Russian invasion of Ukraine,https://home.cern/news/news/cern/cern-council-responds-russian-invasion-ukraine,https://news.ycombinator.com/item?id=30615330,giuliomagnifico,5.0
30617329,Power Struggle over Ukraine’s Electrical Grid,https://www.csis.org/analysis/power-struggle-over-ukraines-electrical-grid,https://news.ycombinator.com/item?id=30617329,geox,5.0
30617864,"Russia soon unable to pay its debts, warns agency",https://www.bbc.com/news/business-60672085,https://news.ycombinator.com/item?id=30617864,underscore_ku,5.0
30605413,Italy's Salvini challenged over Putin praise in Polish visit,https://www.reuters.com/world/europe/changing-tune-italys-salvini-pledges-help-refugees-ukraine-2022-03-08/,https://news.ycombinator.com/item?id=30605413,maury91,5.0
30618380,"Iconic Russian Car Maker, Known for Cold War Self-Reliance, Halts Production",https://www.wsj.com/articles/russian-car-maker-known-for-cold-war-self-reliance-idles-factories-11646828796,https://news.ycombinator.com/item?id=30618380,mudro_zboris,5.0
30614095,Let's Discuss Russian Economy,https://twitter.com/kamilkazani/status/1501360272442896388,https://news.ycombinator.com/item?id=30614095,mariuz,5.0
30620902,Under a foreign flag: Canadian veterans explain why they're fighting for Ukraine,https://www.cbc.ca/news/politics/ukraine-russia-putin-canadian-forces-1.6372259,https://news.ycombinator.com/item?id=30620902,belter,5.0
30619774,"Putin Has No Good Way Out, and That Scares Me",https://www.nytimes.com/2022/03/08/opinion/putin-ukraine-russia-war.html,https://news.ycombinator.com/item?id=30619774,lnwlebjel,5.0
30610080,Concern Rising That Putin Could Use Nuclear Weapons,https://www.defenseone.com/threats/2022/03/concern-rising-putin-could-use-nuclear-weapons/362913/,https://news.ycombinator.com/item?id=30610080,cols,5.0
30625842,Asymmetric Logistics: The Case for a Ukrainian Drone Lift,https://blog.chatfield.io/asymmetric-logistics-the-case-for-a-ukrainian-drone-lift/,https://news.ycombinator.com/item?id=30625842,0xfaded,4.0
30614614,Putin's military failures force bitter Russian reckoning,https://www.axios.com/putin-russia-invasion-failure-b7a63b7f-0198-4417-bf1d-3683607554bf.html,https://news.ycombinator.com/item?id=30614614,rbanffy,4.0
30624858,China's Promotion of Russian Disinformation Indicates Where Its Loyalties Lie,https://lite.cnn.com/en/article/h_0f3aeb574c94151d308bc327a4140c2f,https://news.ycombinator.com/item?id=30624858,News-Dog,4.0
30614588,"Cloudflare refuses to pull out of Russia, says Putin would celebrate shutoff",https://arstechnica.com/tech-policy/2022/03/cloudflare-wont-cut-off-russia-says-it-needs-more-internet-access-not-less/,https://news.ycombinator.com/item?id=30614588,carride,4.0
30624520,Russia to Disconnect from Global Internet,https://www.vice.com/en/article/88gevb/russia-is-preparing-to-cut-itself-off-from-the-global-internet,https://news.ycombinator.com/item?id=30624520,OleksJimenez,4.0
30610924,"McDonald's, Coca-Cola, PepsiCo and Starbucks Join a Corporate Exodus from Russia",https://text.npr.org/1085179372,https://news.ycombinator.com/item?id=30610924,News-Dog,4.0
30611144,Vladimir Putin’s famous Munich speech (2007),https://www.youtube.com/watch?v=hQ58Yv6kP44,https://news.ycombinator.com/item?id=30611144,crate_barre,4.0
30618061,Ukrainian mom killed identified as Silicon Valley tech firm accountant,https://www.mercurynews.com/2022/03/08/ukrainian-woman-killed-in-shelling-near-kyiv-identified-as-silicon-valley-tech-firm-accountant/,https://news.ycombinator.com/item?id=30618061,uptown,4.0
30616985,It’s not too late to free ourselves from this idiotic addiction to Russian gas,https://www.theguardian.com/commentisfree/2022/mar/09/addiction-russian-gas-putin-military,https://news.ycombinator.com/item?id=30616985,_Microft,4.0
30609642,Planes Leased to Russia Airlines Now Out of Reach of Owners,https://www.bloomberg.com/news/articles/2022-03-08/owners-outfoxed-as-russia-absconds-with-10-billion-of-jets,https://news.ycombinator.com/item?id=30609642,georgecmu,4.0
30622537,Bundle for Ukraine,https://itch.io/b/1316/bundle-for-ukraine,https://news.ycombinator.com/item?id=30622537,lunaru,4.0
30607394,PepsiCo suspends production and sale of Pepsi in Russia,https://www.pepsico.com/news/press-release/pepsico-suspends-production-sale-of-pepsi-in-russia-continues-to-provide-essential-foods,https://news.ycombinator.com/item?id=30607394,underscore_ku,4.0
30620168,"Nuland Ukraine Has Biological Research Facilities, Worried Russia May Seize Them",https://greenwald.substack.com/p/victoria-nuland-ukraine-has-biological,https://news.ycombinator.com/item?id=30620168,y34lkjlk345y,4.0
30607224,The Coca-Cola Company Suspends Its Business in Russia,https://investors.coca-colacompany.com/news-events/press-releases/detail/1050/the-coca-cola-company-suspends-its-business-in-russia,https://news.ycombinator.com/item?id=30607224,underscore_ku,4.0
30626765,Analyzing Weapons of the War in Ukraine,https://graphics.reuters.com/UKRAINE-CRISIS/WEAPONS/lbvgnzdnlpq/,https://news.ycombinator.com/item?id=30626765,giuliomagnifico,4.0
30620643,British American Tobacco to continue selling cigarettes in Russia,https://www.theguardian.com/business/2022/mar/09/british-american-tobacco-continue-selling-cigarettes-russia-rothmans-sanctions,https://news.ycombinator.com/item?id=30620643,sofixa,4.0
30616871,Russia Headed for One of Biggest Inflation Shocks in Decades,https://finance.yahoo.com/news/next-shock-russia-inflation-rips-160020795.html,https://news.ycombinator.com/item?id=30616871,underscore_ku,4.0
30623589,Open Source Response to Russia-Ukraine War: Thoughts from OSI Executive Director,https://opensource.org/newsletter/OSI-mar-2022,https://news.ycombinator.com/item?id=30623589,pabs3,4.0
30616687,"Riga, Latvia. In front of the Russian embassy",https://twitter.com/KyivPost/status/1501484833196986368,https://news.ycombinator.com/item?id=30616687,dotcoma,3.0
30621393,"Tesla insists Autopilot and FSD are safe, but US senators aren’t buying it",https://www.theverge.com/2022/3/9/22969297/tesla-autopilot-fsd-letter-safety-blumenthal-markey,https://news.ycombinator.com/item?id=30621393,ra7,3.0
30625382,Norway hosts 30k NATO troops for exercises as Russia tensions rise,https://www.ft.com/content/7d62ddb3-73f8-46c4-9cb7-70e43b8f33a2,https://news.ycombinator.com/item?id=30625382,mudro_zboris,3.0
30614626,Twitter Spaces: Ask Ukrainian Open-Source Software Devs About War,https://twitter.com/i/spaces/1OyJADAEoAgGb/peek,https://news.ycombinator.com/item?id=30614626,app4soft,3.0
30619050,Uniqlo keeps Russian shops open as clothes a 'necessity',https://www.bbc.com/news/business-60660006,https://news.ycombinator.com/item?id=30619050,mikhael,3.0
30619519,Ukraine says the Chernobyl nuclear-site has lost-power,https://text.npr.org/1085380694,https://news.ycombinator.com/item?id=30619519,News-Dog,3.0
30619861,BNP Paribas bars Russia-based staff from computer systems as cyber fears grow,https://www.reuters.com/markets/europe/exclusive-bnp-paribas-bars-russia-based-staff-computer-systems-cyber-attack-2022-03-09/,https://news.ycombinator.com/item?id=30619861,arkadiyt,3.0
30607218,Sweden’s PM says push to join NATO would destabilise northern Europe,https://www.ft.com/content/297fe2f5-e424-44c5-9f9c-676c02827343,https://news.ycombinator.com/item?id=30607218,belter,3.0
30613839,"It’s Time to Work from Home Again, to Fight Putin",https://www.bloomberg.com/opinion/articles/2022-03-08/gas-prices-high-banning-russian-oil-let-s-work-from-home-again,https://news.ycombinator.com/item?id=30613839,jrs235,3.0
